player,year
A.C. Green,1990
Adrian Dantley,1980
Adrian Smith,1966
Al Horford,2010
Alex English,1982
Alex Groza,1951
Allan Houston,2000
Allen Iverson,2000
Alonzo Mourning,1994
Alvan Adams,1976
Alvin Robertson,1986
Amar'e Stoudemire,2005
Andre Drummond,2016
Andre Iguodala,2012
Andrei Kirilenko,2004
Andrew Bynum,2012
Andrew Toney,1983
Andrew Wiggins,2022
Andy Phillip,1951
Anfernee Hardaway,1995
Antawn Jamison,2005
Anthony Davis,2014
Anthony Edwards,2023
Anthony Mason,2001
Antoine Walker,1998
Antonio Davis,2001
Antonio McDyess,2001
Archie Clark,1968
Arnie Risen,1952
Artis Gilmore,1978
Austin Carr,1974
B.J. Armstrong,1994
Bailey Howell,1961
Bam Adebayo,2020
Baron Davis,2002
Ben Simmons,2019
Ben Wallace,2003
Bernard King,1982
Bill Bradley,1973
Bill Bridges,1967
Bill Cartwright,1980
Bill Gabor,1953
Bill Laimbeer,1983
Bill Russell,1958
Bill Sharman,1953
Bill Walton,1977
Billy Cunningham,1969
Billy Knight,1977
Blake Griffin,2011
Bob Boozer,1968
Bob Cousy,1951
Bob Dandridge,1973
Bob Davies,1951
Bob Harrison,1956
Bob Kauffman,1971
Bob Lanier,1972
Bob Love,1971
Bob McAdoo,1974
Bob Pettit,1955
Bob Rule,1970
Bobby Jones,1977
Bobby Wanzer,1952
Brad Daugherty,1988
Brad Miller,2003
Bradley Beal,2018
Brandon Ingram,2020
Brandon Roy,2008
Brian Winters,1976
Brook Lopez,2013
Buck Williams,1982
Butch Beard,1972
Calvin Murphy,1979
Calvin Natt,1985
Campy Russell,1979
Carl Braun,1953
Carlos Boozer,2007
Carmelo Anthony,2007
Caron Butler,2007
Cazzie Russell,1972
Cedric Ceballos,1995
Charles Barkley,1987
Charles Oakley,1994
Charlie Scott,1973
Chauncey Billups,2006
Chet Walker,1964
Chris Bosh,2006
Chris Gatling,1997
Chris Kaman,2010
Chris Mullin,1989
Chris Paul,2008
Chris Webber,1997
Christian Laettner,1997
Chuck Noble,1960
Cliff Hagan,1958
Clifford Robinson,1994
Clyde Drexler,1986
Clyde Lee,1968
Clyde Lovellette,1956
Connie Hawkins,1970
Curtis Rowe,1976
D'Angelo Russell,2019
Dale Davis,2000
Dale Ellis,1989
Damian Lillard,2014
Dan Issel,1977
Dan Majerle,1992
Dan Roundfield,1980
Dana Barros,1995
Danny Ainge,1988
Danny Granger,2009
Danny Manning,1993
Darius Garland,2022
Darrall Imhoff,1967
Dave Bing,1968
Dave Cowens,1972
Dave DeBusschere,1966
David Lee,2010
David Robinson,1990
David Thompson,1977
David West,2008
De'Aaron Fox,2023
DeAndre Jordan,2017
DeMar DeRozan,2014
DeMarcus Cousins,2015
Dejounte Murray,2022
Dennis Johnson,1979
Dennis Rodman,1990
Deron Williams,2010
Derrick Coleman,1994
Derrick Rose,2010
Detlef Schrempf,1993
Devin Booker,2020
Devin Harris,2009
Dick Barnett,1968
Dick Garmaker,1957
Dick McGuire,1951
Dick Van Arsdale,1969
Dike Eddleman,1951
Dikembe Mutombo,1992
Dirk Nowitzki,2002
Doc Rivers,1988
Dolph Schayes,1951
Domantas Sabonis,2020
Dominique Wilkins,1986
Don Barksdale,1953
Don Buse,1977
Don Kojis,1968
Don Ohl,1963
Don Sunderlage,1954
Donovan Mitchell,2020
Doug Collins,1976
Draymond Green,2016
Dwight Howard,2007
Dwyane Wade,2005
Earl Monroe,1969
Ed Macauley,1951
Eddie Johnson,1980
Eddie Jones,1997
Eddie Miles,1966
Elgin Baylor,1959
Elton Brand,2002
Elvin Hayes,1969
Lafayette Lever,1988
Flynn Robinson,1970
Frank Selvy,1955
Frankie Brian,1951
Fred Brown,1976
Fred Schaus,1951
Fred Scolari,1952
Fred VanVleet,2022
Gail Goodrich,1969
Gary Payton,1994
Gene Shue,1958
Geoff Petrie,1971
George Gervin,1977
George McGinnis,1976
George Mikan,1951
George Yardley,1955
Gerald Wallace,2010
Giannis Antetokounmpo,2017
Gilbert Arenas,2005
Glen Rice,1996
Glenn Robinson,2000
Goran Dragic,2018
Gordon Hayward,2017
Grant Hill,1995
Gus Johnson,1965
Gus Williams,1982
Guy Rodgers,1963
Hakeem Olajuwon,1985
Hal Greer,1961
Harry Gallatin,1951
Hersey Hawkins,1991
Horace Grant,1994
Hot Rod Hundley,1960
Isaiah Thomas,2016
Isiah Thomas,1982
Ja Morant,2022
Jack Coleman,1955
Jack George,1956
Jack Marin,1972
Jack Molinas,1954
Jack Sikma,1979
Jack Twyman,1957
Jamaal Magloire,2004
Jamaal Wilkes,1976
Jamal Mashburn,2003
Jameer Nelson,2009
James Donaldson,1988
James Harden,2013
James Worthy,1986
Jaren Jackson Jr.,2023
Jarrett Allen,2022
Jason Kidd,1996
Jaylen Brown,2021
Jayson Tatum,2020
Jayson Williams,1998
Jeff Hornacek,1992
Jeff Malone,1986
Jeff Mullins,1969
Jeff Ruland,1984
Jeff Teague,2015
Jermaine O'Neal,2002
Jerry Lucas,1964
Jerry Sloan,1967
Jerry Stackhouse,2000
Jerry West,1961
Jim King,1968
Jim Paxson,1983
Jim Pollard,1951
Jim Price,1975
Jimmy Butler,2015
Jimmy Walker,1970
Jo Jo White,1971
Joakim Noah,2013
Joe Barry Carroll,1987
Joe Caldwell,1969
Joe Dumars,1990
Joe Fulks,1951
Joe Johnson,2007
Joel Embiid,2018
John Block,1973
John Drew,1976
John Havlicek,1966
John Johnson,1971
John Starks,1994
John Stockton,1989
John Wall,2014
Johnny Green,1962
Jon McGlocklin,1969
Josh Howard,2007
Jrue Holiday,2013
Julius Erving,1977
Julius Randle,2021
Juwan Howard,1996
Kareem Abdul-Jabbar,1970
Karl Malone,1988
Karl-Anthony Towns,2018
Kawhi Leonard,2016
Kelly Tripucka,1982
Kemba Walker,2017
Kenny Anderson,1994
Kenny Sears,1958
Kenyon Martin,2004
Kermit Washington,1980
Kevin Duckworth,1989
Kevin Durant,2010
Kevin Garnett,1997
Kevin Johnson,1990
Kevin Love,2011
Kevin McHale,1984
Kevin Willis,1992
Khris Middleton,2019
Kiki Vandeweghe,1983
Klay Thompson,2015
Kobe Bryant,1998
Kristaps Porzingis,2018
Kyle Korver,2015
Kyle Lowry,2015
Kyrie Irving,2013
LaMarcus Aldridge,2012
LaMelo Ball,2022
Larry Bird,1980
Larry Costello,1958
Larry Foust,1951
Larry Johnson,1993
Larry Kenon,1978
Larry Nance,1985
Latrell Sprewell,1994
Lauri Markkanen,2023
LeBron James,2005
Lee Shaffer,1963
Len Chappell,1964
Lenny Wilkens,1963
Leo Barnhorst,1952
Lionel Hollins,1978
Lonnie Shelton,1982
Lou Hudson,1969
Luka Doncic,2020
Luke Jackson,1965
Luol Deng,2012
Magic Johnson,1980
Manu Ginobili,2005
Marc Gasol,2012
Mark Aguirre,1984
Mark Eaton,1989
Mark Jackson,1989
Mark Price,1989
Marques Johnson,1979
Maurice Cheeks,1983
Maurice Lucas,1977
Maurice Stokes,1956
Max Zaslofsky,1952
Mehmet Okur,2007
Mel Hutchins,1953
Metta World Peace,2004
Michael Adams,1992
Michael Finley,2000
Michael Jordan,1985
Michael Redd,2004
Micheal Ray Richardson,1980
Mike Conley,2021
Mike Mitchell,1981
Mitch Richmond,1993
Mo Williams,2009
Mookie Blaylock,1994
Moses Malone,1978
Nat Clifton,1957
Nate Thurmond,1965
Neil Johnston,1953
Nick Van Exel,1998
Nikola Jokic,2019
Nikola Vucevic,2019
Norm Nixon,1982
Norm Van Lier,1974
Oscar Robertson,1961
Otis Birdsong,1979
Otis Thorpe,1992
Pascal Siakam,2020
Patrick Ewing,1986
Pau Gasol,2006
Paul Arizin,1951
Paul George,2013
Paul Millsap,2014
Paul Pierce,2002
Paul Seymour,1953
Paul Silas,1972
Paul Walther,1952
Paul Westphal,1977
Peja Stojakovic,2002
Pete Maravich,1973
Phil Chenier,1974
Phil Smith,1976
Rajon Rondo,2010
Ralph Beard,1951
Ralph Sampson,1984
Randy Smith,1976
Rashard Lewis,2005
Rasheed Wallace,2000
Ray Allen,2000
Ray Felix,1954
Red Kerr,1956
Red Rocha,1951
Reggie Lewis,1992
Reggie Miller,1990
Reggie Theus,1981
Richard Hamilton,2006
Richie Guerin,1958
Richie Regan,1957
Rick Barry,1966
Rickey Green,1984
Ricky Pierce,1991
Rik Smits,1998
Robert Parish,1981
Rolando Blackman,1985
Roy Hibbert,2012
Rudy Gobert,2020
Rudy LaRusso,1962
Rudy Tomjanovich,1974
Russell Westbrook,2011
Sam Cassell,2004
Sam Jones,1962
Sam Lacey,1975
Scott Wedman,1976
Scottie Pippen,1990
Sean Elliott,1993
Shai Gilgeous-Alexander,2023
Shaquille O'Neal,1993
Shareef Abdur-Rahim,2002
Shawn Kemp,1993
Shawn Marion,2003
Sidney Moncrief,1982
Sidney Wicks,1972
Slater Martin,1953
Sleepy Floyd,1987
Spencer Haywood,1972
Stephen Curry,2014
Stephon Marbury,2001
Steve Francis,2002
Steve Johnson,1988
Steve Mix,1975
Steve Nash,2002
Steve Smith,1998
Terrell Brandon,1996
Terry Cummings,1985
Terry Dischinger,1963
Terry Porter,1991
Theo Ratliff,2001
Tim Duncan,1998
Tim Hardaway,1991
Tiny Archibald,1973
Tom Chambers,1987
Tom Gola,1960
Tom Gugliotta,1997
Tom Heinsohn,1957
Tom Meschery,1963
Tom Van Arsdale,1970
Tony Parker,2006
Tracy McGrady,2001
Trae Young,2020
Truck Robinson,1978
Tyrese Haliburton,2023
Tyrone Hill,1995
Tyson Chandler,2013
Vern Mikkelsen,1951
Victor Oladipo,2018
Vin Baker,1995
Vince Boryla,1951
Vince Carter,2000
Vlade Divac,2001
Wally Szczerbiak,2002
Walt Bellamy,1962
Walt Frazier,1970
Walt Hazzard,1968
Walter Davis,1978
Walter Dukes,1960
Wayne Embry,1961
Wes Unseld,1969
Willie Naulls,1958
Willis Reed,1965
Wilt Chamberlain,1960
Woody Sauldsberry,1959
World Free,1980
Xavier McDaniel,1988
Yao Ming,2003
Zach LaVine,2021
Zach Randolph,2010
Zelmo Beaty,1966
Zion Williamson,2021
Zydrunas Ilgauskas,2003
